Photography,Rating,Location,Reviews,Price Per Day,Usefull,per day
Camlition Productions,5.0,Goa,20 reviews,Photo + Video,"1,60,000",per day
Infinite Memories,4.8,Goa,57 reviews,Photo + Video,"2,25,000",per day
Vogueshaire,4.8,Goa,84 reviews,Photo + Video,"1,00,000",per day
Shutter Magik,5.0,Goa,20 reviews,Photo + Video,"1,40,000",per day
Abhishek Marathe Photography,4.9,North Goa,31 reviews,Photo + Video,"55,000",per day
Jumping Souls,5.0,North Goa,13 reviews,Photo + Video,"1,25,000",per day
Picture Visual,5.0,Goa,106 reviews,Photo + Video,"95,000",per day
Dark Cup Productions,5.0,Goa,48 reviews,Photo + Video,"1,00,000",per day
Candid Tales Photography,5.0,Goa,25 reviews,Photo + Video,"1,70,000",per day
Cupid Love stories,4.9,Goa,25 reviews,Photo + Video,"1,40,000",per day
Mrinal Khatnani Photos and Films,5.0,Goa,28 reviews,Photo + Video,"1,20,000",per day
The Bombay Brigade,4.9,Goa,43 reviews,Photo + Video,"1,25,000",per day
Editmaster Studios,4.9,Goa,26 reviews,Photo + Video,"1,00,000",per day
49 The Studio,4.7,South Goa,16 reviews,Photo + Video,"70,000",per day
SeventhHeaven Wedding Company,5.0,Goa,44 reviews,Photo + Video,"1,60,000",per day
Just Focus,4.9,North Goa,11 reviews,Photo + Video,"30,000",per day
Speaking Frame,4.7,Goa,55 reviews,Photo + Video,"1,00,000",per day
Aniket Halbe Photography and Cinematography,5.0,North Goa,11 reviews,Photo + Video,"40,000",per day
Sarvesh Savaikar Photography,5.0,North Goa,8 reviews,Photo + Video,"55,000",per day
Sunny Parsekar Photography,4.8,Mapusa,3 reviews,Photo + Video,"28,000",per day
The VR Story,4.8,Penha de Franca,19 reviews,Photo + Video,"95,000",per day
VM Studios,5.0,South Goa,1 review,Photo + Video,"75,000",per day
Khichik Photography,5.0,South Goa,1 review,Photo + Video,"90,000",per day
Satyaki Gaonkar photography,5.0,South Goa,2 reviews,Photo + Video,"60,000",per day
RudhNav Photography,5.0,Ponda,2 reviews,Photo + Video,"50,000",per day
Soulmate Weddings by Shalini Rao,5.0,North Goa,5 reviews,On Request,None,None
Nandita Arts Photography,5.0,South Goa,6 reviews,Photo + Video,"75,000",per day
PaperRose Art by Roland Gomes,5.0,South Goa,1 review,Photo + Video,"1,50,000",per day
Omkar Hirloskar Photographer,5.0,Mapusa,9 reviews,Photo Package,"12,000",per day
Creative World Creations,5.0,Goa,6 reviews,Photo + Video,"45,000",per day
Raaj Salgaonkar Photography,4.8,Ponda,12 reviews,Photo + Video,"50,000",per day
Chasingdreams Photography & Films,4.8,Goa,5 reviews,Photo + Video,"1,65,000",per day
Alroy Fernandes Photography,5.0,South Goa,1 review,Photo + Video,"80,000",per day
Swapna Mallapur Photography,5.0,North Goa,1 review,Photo + Video,"85,000",per day
Vikesh Naik Photography,5.0,Goa,1 review,Photo + Video,"20,000",per day
Ved Mantra Film Production,4.5,Panjim,1 review,Photo + Video,"60,000",per day
Glyn Pereira | Photography & Cinematography,5.0,Panjim,13 reviews,Photo + Video,"1,10,000",per day
SublimePix,5.0,Panjim,2 reviews,Photo + Video,"50,000",per day
Prathamesh Photography,5.0,Mapusa,2 reviews,Photo + Video,"75,000",per day
Darshan Naik Photography,4.8,North Goa,4 reviews,Photo + Video,"60,000",per day
Creative Escape,5.0,Penha de Franca,1 review,Photo + Video,"1,50,000",per day
ABG Photography,4.5,Goa,1 review,Photo + Video,"1,30,000",per day
Vajat Pardeshi Photography,5.0,Mapusa,14 reviews,Photo + Video,"45,000",per day
Rahul de Cunha Pictures,4.8,North Goa,3 reviews,Photo + Video,"1,90,000",per day
Flashbakc Studios,4.2,North Goa,11 reviews,Photo Package,"85,000",per day
Endless Motion Pictures,5.0,North Goa,1 review,Photo + Video,"80,000",per day
Studio Lustre,5.0,Goa,5 reviews,Photo + Video,"90,000",per day
Vinita Barretto Photography,5.0,South Goa,1 review,Photo + Video,"95,000",per day
Shammi Sayyed Photography,4.9,North Goa,4 reviews,Photo + Video,"90,000",per day
Ankush Sharma Photography,5.0,South Goa,2 reviews,Photo + Video,"45,000",per day
Wedding Crafters,4.9,Panjim,9 reviews,Photo + Video,"70,000",per day
Chetana Bhat Photography,4.8,South Goa,4 reviews,Photo Package,"60,000",per day
Jovel Fernandes Photography,5.0,Calangute,1 review,Photo Package,"20,000",per day
ElisaK Photography,5.0,North Goa,1 review,Photo + Video,"1,10,000",per day
Saish Photography,5.0,Ponda,1 review,Photo + Video,"50,000",per day
Sanvi Photography,5.0,Goa,1 review,Photo + Video,"40,000",per day
Reflected Hearts,5.0,Goa,3 reviews,Photo + Video,"2,00,000",per day
Clixx_Graphy_,5.0,Mapusa,2 reviews,Photo + Video,"45,000",per day
Picz & Clickz Services,5.0,Goa,1 review,Photo + Video,"90,000",per day
Richa Kashelkar Photography,5.0,South Goa,3 reviews,Photo Package,"30,000",per day
P S Photography,5.0,Mapusa,1 review,Photo + Video,"80,000",per day
Omcar Raicar Photography,5.0,Ponda,10 reviews,Photo + Video,"55,000",per day
David Photography,5.0,South Goa,1 review,Photo + Video,"95,000",per day
Special Moments Photography,5.0,South Goa,1 review,Photo + Video,"6,000",per day
Magic Lens studio,5.0,North Goa,2 reviews,Photo + Video,"90,000",per day
Flashback,3.9,South Goa,4 reviews,Photo + Video,"45,000",per day
Omkar Kelkar Photography,5.0,Goa,1 review,Photo + Video,"60,000",per day
StudioGrey,5.0,Goa,1 review,Photo + Video,"1,30,000",per day
Crishnaa Madhavi Studio,4.9,Penha de Franca,8 reviews,Photo + Video,"1,20,000",per day
Fotografo,5.0,South Goa,2 reviews,Photo + Video,"1,50,000",per day
Lakshyaa Photography,5.0,Goa,1 review,Photo Package,"40,000",per day
Navin Studio,4.5,North Goa,2 reviews,Photo + Video,"1,60,000",per day
Joyz New Toy,5.0,Goa,1 review,Photo + Video,"50,000",per day
Bee View Creations,5.0,Panjim,1 review,Photo + Video,"65,000",per day
Dev Naik Photography,5.0,South Goa,1 review,Photo + Video,"25,000",per day
Savio Barco,5.0,Mapusa,1 review,Photo Package,"50,000",per day
PhotoScanners,4.8,South Goa,7 reviews,Photo + Video,"28,000",per day
Cory Goldberg Images,5.0,Goa,6 reviews,Photo + Video,"4,55,000",per day
Hriday Film Production,4.7,Calangute,3 reviews,Photo + Video,"50,000",per day
GS Photography,5.0,North Goa,1 review,Photo + Video,"35,000",per day
Paper Rose Art by Roland Gomes,5.0,South Goa,2 reviews,Photo + Video,"2,00,000",per day
Mountain Top Motion Pictures,5.0,Goa,1 review,Photo + Video,"1,60,000",per day
Coconut Pudding Films,5.0,North Goa,1 review,Photo + Video,"1,20,000",per day
Lovell D'souza Photography,5.0,Goa,1 review,Photo + Video,"50,000",per day
The LightBox Productions,4.9,Goa,4 reviews,Photo + Video,"1,00,000",per day
Lazor Photo Lab,Panjim,No Reviews,Photo + Video,"38,000",per day,None
Alphagraphy Productions,North Goa,No Reviews,Photo + Video,"50,000",per day,None
Divkar Photographer,Panjim,No Reviews,Photo Package,"25,000",per day,None
Savio Photography,South Goa,No Reviews,Photo Package,"65,000",per day,None
The Life Copy,Panjim,No Reviews,Photo + Video,"25,000",per day,None
Creative Eye's Siddhayee Digital Photo Studio,Penha de Franca,No Reviews,Photo + Video,"30,000",per day,None
Premier Studios,Ponda,No Reviews,Photo + Video,"50,000",per day,None
Rajesh Ajgaonkar Photography,North Goa,No Reviews,Photo + Video,"50,000",per day,None
Deep Halarnkar Photography,Goa,No Reviews,Photo + Video,"65,000",per day,None
Rozario Estibeiro Photography,Goa,No Reviews,Photo + Video,"30,000",per day,None
Wedding Memories Goa,South Goa,No Reviews,Photo + Video,"60,000",per day,None
Mangesh Photo System,Mapusa,No Reviews,Photo + Video,"55,000",per day,None
Edric George Photography,South Goa,No Reviews,Photo + Video,"2,10,000",per day,None
Visualideator,South Goa,No Reviews,Photo + Video,"55,000",per day,None
Viru Photography,Goa,No Reviews,None,On Request,None,None
Kliker Photography,South Goa,No Reviews,Photo + Video,"80,000",per day,None
Lensman India,North Goa,No Reviews,Photo + Video,"25,000",per day,None
PNC Photography & Videography,South Goa,No Reviews,Photo + Video,"65,000",per day,None
White Buffalo,Calangute,No Reviews,Photo + Video,"20,000",per day,None
Klik Photo Studio,North Goa,No Reviews,Photo + Video,"1,20,000",per day,None
About A Click,Calangute,No Reviews,Photo Package,"40,000",per day,None
Rajat Parsekar Photography,South Goa,No Reviews,Photo + Video,"60,000",per day,None
Nikhil Masurkar Photography,Goa,No Reviews,Photo + Video,"45,000",per day,None
Bogdan Babanin Photography,North Goa,No Reviews,Photo Package,"60,000",per day,None
Captured Moments,South Goa,No Reviews,Photo + Video,"60,000",per day,None
Mahalsa Photo Studio,Ponda,No Reviews,Photo Package,"45,000",per day,None
Photokart Studio,Ponda,No Reviews,Photo + Video,"90,000",per day,None
Shiv Photography,North Goa,No Reviews,Photo + Video,"1,00,000",per day,None
Still Pixelz,Goa,No Reviews,Photo + Video,"60,000",per day,None
The Love Boat Photography,Goa,No Reviews,Photo + Video,"40,000",per day,None
Shugan Dias Films,South Goa,No Reviews,Photo + Video,"1,60,000",per day,None
Sai Pradeep Digital Photo Studio,Panjim,No Reviews,Photo + Video,"60,000",per day,None
Melba Photography,Ponda,No Reviews,Photo + Video,"1,20,000",per day,None
Iclicks Photography,Panjim,No Reviews,Photo + Video,"30,000",per day,None
Digital Innovation,South Goa,No Reviews,Photo + Video,"45,000",per day,None
Gaonkar Photographers,South Goa,No Reviews,Photo + Video,"25,000",per day,None
Sagar Bovalkar Photography,South Goa,No Reviews,Photo Package,"12,000",per day,None
Jead's Photosphere,North Goa,No Reviews,Photo + Video,"50,000",per day,None
Photohouse Photography,South Goa,No Reviews,Photo + Video,"60,000",per day,None
Rajaram Studio,Mapusa,No Reviews,Photo Package,"15,000",per day,None
Viren's Photography,North Goa,No Reviews,Photo + Video,"25,000",per day,None
Mahesh Pawar Fotography,Goa,No Reviews,Photo + Video,"60,000",per day,None
Yuvraj Salgaonkar Photography,South Goa,No Reviews,Photo + Video,"30,000",per day,None
Te-Jay Production,South Goa,No Reviews,Photo + Video,"35,000",per day,None
Agnelo Lobo,Panjim,No Reviews,Photo + Video,"1,20,000",per day,None
Sonal Vaz Photography,South Goa,No Reviews,None,On Request,None,None
Lawrie Lorenz Photography,South Goa,No Reviews,Photo + Video,"1,50,000",per day,None
Savio Colaco Photography,Panjim,No Reviews,None,On Request,None,None
N.Shweta Photography,Goa,No Reviews,Photo + Video,"30,000",per day,None
Wedding Sequence,Goa,No Reviews,Photo + Video,"75,000",per day,None
Vinit Manjrekar Photography,South Goa,No Reviews,Photo + Video,"1,20,000",per day,None
Kaleidoscopic,Goa,No Reviews,Photo + Video,"40,000",per day,None
Rajat R Borker Photography,South Goa,No Reviews,Photo Package,"13,000",per day,None
V. R. Photographer,North Goa,No Reviews,Photo + Video,"70,000",per day,None
BUNNY PhotoVisions,South Goa,No Reviews,Photo Package,"18,000",per day,None
Henrique Lobo Video,North Goa,No Reviews,Photo + Video,"60,000",per day,None
F3 Photography,Goa,No Reviews,Photo + Video,"1,40,000",per day,None
Rudzz Photography,North Goa,No Reviews,Photo + Video,"45,000",per day,None
Treehouse Photographs,South Goa,No Reviews,Photo + Video,"65,000",per day,None
Viraj Creations,Goa,No Reviews,Photo + Video,"75,000",per day,None
Sandeep Patil Photography,Goa,No Reviews,Photo + Video,"90,000",per day,None
Pereira Video Vision,Panjim,No Reviews,Photo + Video,"80,000",per day,None
The Photo Factory,Cavelossim,No Reviews,Photo + Video,"55,000",per day,None
Omkar Photography Eye Creation,North Goa,No Reviews,Photo Package,"14,000",per day,None
Shyamsundar Photographers,Panjim,No Reviews,Photo + Video,"90,000",per day,None
Sanjyot Sawant Photography,Goa,No Reviews,Photo + Video,"60,000",per day,None
Nester Fernandes Photography,North Goa,No Reviews,Photo Package,"75,000",per day,None
Royale frames,0.5,Goa,1 review,Photo + Video,"1,25,000",per day
Stunning Bride,Goa,No Reviews,Photo + Video,"80,000",per day,None
Asmita Studio,Goa,No Reviews,Photo + Video,"1,00,000",per day,None
Vivek Sedani Photography,Goa,No Reviews,Photo + Video,"1,10,000",per day,None
SZ Photography,Ponda,No Reviews,Photo + Video,"65,000",per day,None
KZ Photography,North Goa,No Reviews,Photo Package,"15,000",per day,None
The Click Tricks - Criss Photography,South Goa,No Reviews,Photo + Video,"30,000",per day,None
Nazir Photography,South Goa,No Reviews,Photo + Video,"85,000",per day,None
Jonushka Photography Services,0.5,Goa,1 review,On Request,None,None
Meraki Moments,North Goa,No Reviews,Photo + Video,"60,000",per day,None
Magic Weavers Studio,North Goa,No Reviews,Photo + Video,"2,65,000",per day,None
Nitin Navelkar Photography,Goa,No Reviews,None,On Request,None,None
Image Engineers,Goa,No Reviews,Photo + Video,"55,000",per day,None
Cavel_Photography,Panjim,No Reviews,Photo + Video,"50,000",per day,None
Pra Raj Photographer,Mapusa,No Reviews,Photo + Video,"30,000",per day,None
Klick Digital Photo Studio,South Goa,No Reviews,Photo + Video,"30,000",per day,None
TPG StudioZ,South Goa,No Reviews,Photo + Video,"1,00,000",per day,None
Mangesh Digital Studio,Mapusa,No Reviews,Photo + Video,"50,000",per day,None
Memories by Nikita Henriques,Goa,No Reviews,Photo + Video,"50,000",per day,None
Photooneil Photography,Panjim,No Reviews,Photo + Video,"95,000",per day,None
Madhumanda Filmwork & Photography,North Goa,No Reviews,Photo + Video,"1,20,000",per day,None
Divkar Digital Studio,Mapusa,No Reviews,Photo + Video,"50,000",per day,None
Ronan Domnic Photography,South Goa,No Reviews,Photo Package,"1,00,000",per day,None
RD Photography,Goa,No Reviews,Photo + Video,"80,000",per day,None
Sahil Sakhalkar Photography,North Goa,No Reviews,Photo + Video,"65,000",per day,None
Virendra Warang Photography,North Goa,No Reviews,Photo + Video,"75,000",per day,None
Wedding Eye Photography,Goa,No Reviews,Photo + Video,"50,000",per day,None
Eye Click Studio,Ponda,No Reviews,Photo + Video,"22,000",per day,None
Siddesh Mayenkar Photography,Goa,No Reviews,Photo + Video,"45,000",per day,None
Nolan Mascarenhas Photography,North Goa,No Reviews,Photo + Video,"65,000",per day,None
The Kreww,Goa,No Reviews,Photo + Video,"67,000",per day,None
Aether Weddings,Goa,No Reviews,Photo + Video,"2,65,000",per day,None
Big Day Stories,South Goa,No Reviews,Photo + Video,"50,000",per day,None
Steve Slayer Studios,South Goa,No Reviews,Photo + Video,"90,000",per day,None
The Godinhos By Aidan & Adam,South Goa,No Reviews,Photo + Video,"50,000",per day,None
Samir V. Naik Photography,Panjim,No Reviews,Photo + Video,"50,000",per day,None
Photosynthesis,South Goa,No Reviews,Photo + Video,"50,000",per day,None
Jude Vellis photography,South Goa,No Reviews,Photo + Video,"45,000",per day,None
Omsai Photo Studio,Mapusa,No Reviews,Photo + Video,"60,000",per day,None
Avinash Ambrey Photography,North Goa,No Reviews,Photo + Video,"65,000",per day,None
Photo Dimensions,South Goa,No Reviews,Photo + Video,"40,000",per day,None
Darius.N.Fernandes,Panjim,No Reviews,Photo Package,"60,000",per day,None
Shirodkar Photographix,Ponda,No Reviews,Photo + Video,"1,00,000",per day,None
Redefine Creations,Panjim,No Reviews,Photo + Video,"70,000",per day,None
Foto Manipulationz,Goa,No Reviews,None,On Request,None,None
P.Raikar Photo Studio,South Goa,No Reviews,Photo + Video,"60,000",per day,None
Gurudas Photo Studio,South Goa,No Reviews,Photo Package,"15,000",per day,None
3rd Eye Creation,Panjim,No Reviews,Photo + Video,"30,000",per day,None
Vixels,North Goa,No Reviews,Photo + Video,"95,000",per day,None
Cam Pixels Photography,Panjim,No Reviews,Photo + Video,"80,000",per day,None
Memories,Goa,No Reviews,Photo + Video,"50,000",per day,None
Brown Eye Photography,Panjim,No Reviews,Photo + Video,"55,000",per day,None
Rizwan Shaikh Photography,South Goa,No Reviews,Photo + Video,"1,50,000",per day,None
Prerana Photo Studio,North Goa,No Reviews,Photo + Video,"35,000",per day,None
Picturesque,Panjim,No Reviews,Photo Package,"15,000",per day,None
Cafe Fotografia,South Goa,No Reviews,Photo + Video,"28,000",per day,None
Rocky Wilz Studio,Goa,No Reviews,Photo + Video,"2,65,000",per day,None
Fabian Franco Photography,Goa,No Reviews,Photo + Video,"75,000",per day,None
Deepak Videography & Photography,Panjim,No Reviews,Photo + Video,"1,00,000",per day,None
PhotoPheras,South Goa,No Reviews,Photo + Video,"70,000",per day,None
Sudesh Majalatti Photography,South Goa,No Reviews,Photo + Video,"40,000",per day,None
Rohan Harikant Pictures,Panjim,No Reviews,Photo + Video,"65,000",per day,None
Aslesh Kamat Photography,South Goa,No Reviews,Photo Package,"55,000",per day,None
Akhil Photography,Panjim,No Reviews,Photo + Video,"35,000",per day,None
DD Creation Photo Studio & Design,Panjim,No Reviews,Photo + Video,"30,000",per day,None
Chiquito Art,Goa,No Reviews,Photo + Video,"50,000",per day,None
Studio 21,Goa,No Reviews,Photo + Video,"95,000",per day,None
Vinora - Photography & Entertainment Solutions,North Goa,No Reviews,Photo Package,"25,000",per day,None
Lenz Photography,South Goa,No Reviews,Photo + Video,"60,000",per day,None
Plaza Video Shooting and Photography,Calangute,No Reviews,Photo + Video,"80,000",per day,None
Savio Digital Arts,South Goa,No Reviews,Photo + Video,"65,000",per day,None
Exodus Studio,South Goa,No Reviews,Photo + Video,"50,000",per day,None
Silhouette India,Panjim,No Reviews,Photo + Video,"50,000",per day,None
Sonu Photo Studio,Panjim,No Reviews,Photo Package,"50,000",per day,None
Ashok Pol Photography,South Goa,No Reviews,Photo + Video,"50,000",per day,None
Gourav Thakur photography,South Goa,No Reviews,Photo + Video,"70,000",per day,None
Johnwel Videography and Photography,Goa,No Reviews,Photo + Video,"1,25,000",per day,None
Sushant Naik,Goa,No Reviews,Photo + Video,"90,000",per day,None
Dream Wedding Servies,North Goa,No Reviews,Photo + Video,"45,000",per day,None
Garreth Alphonso Photography,North Goa,No Reviews,Photo + Video,"70,000",per day,None
Aishwarya Photography,Mapusa,No Reviews,Photo + Video,"70,000",per day,None
Gocools Expressions Photography,Ponda,No Reviews,Photo + Video,"90,000",per day,None
Shailesh Naik Photography,North Goa,No Reviews,Photo + Video,"85,000",per day,None
PhotoPundit,Goa,No Reviews,Photo + Video,"2,50,000",per day,None
Redstone Photography,Panjim,No Reviews,Photo Package,"25,000",per day,None
Quick Service Photography,Panjim,No Reviews,Photo + Video,"50,000",per day,None
Deepthi Nannam Photography,South Goa,No Reviews,Photo Package,"35,000",per day,None
Nigel D Photography,Goa,No Reviews,Photo + Video,"1,25,000",per day,None
Poonam Photo Studio,North Goa,No Reviews,Photo + Video,"70,000",per day,None
Andrew Photography,Goa,No Reviews,Photo Package,"60,000",per day,None
Dark Phoenix Studio,North Goa,No Reviews,Photo + Video,"80,000",per day,None
Imaginfinity,Goa,No Reviews,Photo + Video,"80,000",per day,None
iDreamz Studioz,Goa,No Reviews,Photo + Video,"80,000",per day,None
Sillage by Ankita,North Goa,No Reviews,Photo + Video,"68,000",per day,None
Vinodnaik Photography,Panjim,No Reviews,Photo Package,"30,000",per day,None
Savio Fernandes Photography,Mapusa,No Reviews,Photo + Video,"1,00,000",per day,None
Tejas Photography,South Goa,No Reviews,Photo + Video,"45,000",per day,None
Gaurav photography,South Goa,No Reviews,Photo + Video,"55,000",per day,None
Alvisto Studio,Mapusa,No Reviews,Photo + Video,"1,25,000",per day,None
Datta Gawade Photography - Asmita Studio,Goa,No Reviews,Photo + Video,"60,000",per day,None
Snaper Photography,Goa,No Reviews,Photo + Video,"50,000",per day,None
Andygraphy,North Goa,No Reviews,Photo + Video,"40,000",per day,None
Vivek Gad Photography,South Goa,No Reviews,Photo + Video,"75,000",per day,None
DD Studio,Mapusa,No Reviews,Photo + Video,"60,000",per day,None
Samrat Photography,Mapusa,No Reviews,Photo + Video,"75,000",per day,None
Super Om Studios,Ponda,No Reviews,Photo + Video,"35,000",per day,None
Deep Salgaonkar Photography,Panjim,No Reviews,Photo + Video,"65,000",per day,None
RNaik Photo Studio,North Goa,No Reviews,Photo + Video,"60,000",per day,None
Tarang Naique Photography,South Goa,No Reviews,Photo + Video,"65,000",per day,None
The Love Story,Panjim,No Reviews,Photo + Video,"60,000",per day,None
Bhaskar Gayak's Photography,South Goa,No Reviews,Photo + Video,"1,00,000",per day,None
Crystal Impact Photography,South Goa,No Reviews,Photo + Video,"80,000",per day,None
Cam Eye Films,North Goa,No Reviews,Photo + Video,"55,000",per day,None
Arsh Photography,Calangute,No Reviews,Photo Package,"25,000",per day,None
Santosh Kedar Photography,North Goa,No Reviews,Photo + Video,"75,000",per day,None
Caspian Wedding,South Goa,No Reviews,Photo + Video,"45,000",per day,None
Brijesh Naik Photography,Panjim,No Reviews,Photo + Video,"65,000",per day,None
Samir Adel Photography,South Goa,No Reviews,Photo + Video,"95,000",per day,None
Monteiro Photo Art,North Goa,No Reviews,Photo + Video,"90,000",per day,None
Sandeep Patil Photography,Goa,No Reviews,None,On Request,None,None
Saish Prabhu Photography,Ponda,No Reviews,Photo + Video,"70,000",per day,None
Memory Lab Studio - by Joy Mayday,Panjim,No Reviews,Photo + Video,"55,000",per day,None
Antonio C. Pacheco Photography,Goa,No Reviews,Photo + Video,"1,05,000",per day,None
GK Photography,Panjim,No Reviews,Photo Package,"20,000",per day,None
Bosco Fernandes Photography,Goa,No Reviews,Photo + Video,"25,000",per day,None
Swapnil Naik Photography,South Goa,No Reviews,Photo Package,"20,000",per day,None
Agnivesh Gaonkar Photography,Mapusa,No Reviews,Photo + Video,"50,000",per day,None
Thedreamclickz,South Goa,No Reviews,Photo + Video,"45,000",per day,None
Sunil Kotkar Photography,Goa,No Reviews,Photo + Video,"38,000",per day,None
Reflections,South Goa,No Reviews,Photo + Video,"65,000",per day,None
Ajit photography,North Goa,No Reviews,Photo + Video,"55,000",per day,None
Victor Ferrao Photography,North Goa,No Reviews,Photo + Video,"50,000",per day,None
The Wedding Stories,South Goa,No Reviews,Photo + Video,"65,000",per day,None
